coach_id,full_name,position,team_id
f8425b5b-95b1-4b8e-b13f-76d93923a457,Mike London,Head Coach,00cbe6eb-c9c2-43d4-8158-6952066f0d2b
bfa8c190-6e6a-11ed-8638-1f6053e76033,Kenny Dillingham,Head Coach,00fd8418-0e62-4366-9a2a-d5f72850066c
cfce63f0-c3a3-11ef-8d10-033d98acf02a,Michael Jasper,Head Coach,018e079b-3848-49bf-8fc6-2d44bbc120a0
3b264b30-61ab-11ec-a497-61dc823ae71f,Jason Eck,Head Coach,02cd61b6-2dad-4b3d-94cd-1c1c3cdbf3ad
0d22c125-26d1-4681-99d4-4f5ed3022708,Dave Doeren,Head Coach,034ac81a-311c-49f4-8c45-ddcef7777bdc
ec4ed1b0-bd70-11ef-ab37-db249c17f444,Matt Drinkall,Head Coach,03aa49b8-9a36-4e77-adf1-01cc5e2e6a14
5e1dd9c7-32db-45ab-9634-7ef89fc4a8e2,Jim Mora,Head Coach,04f8c610-fe83-4b44-a3fc-02394869b81f
daaa31a0-748f-492e-a901-f7471dd216b7,Russ Huesman,Head Coach,05639ea0-a3e6-4d56-b257-366545b0ff4d
e144d870-4f78-11ef-8d03-17e8b940ddc5,Jason Hoskins,Head Coach,0707e866-8121-4f10-b181-af607901ead2
45fdda30-8547-11ed-8415-05a94431ab47,Alonzo Hampton,Head Coach,073da9d4-85ed-4d25-8834-c71e573838b2
d61ffe18-0630-4e37-b50c-fa73a5de7bdd,Thomas Hammock,Head Coach,0767c157-b084-4239-a684-954a22671bce
d578d210-9d00-11ee-a89e-f5863bd3e480,Tim Polasek,Head Coach,0a05210a-81f7-4d04-80e5-4ba6ee748ccd
6fd053d0-d601-11ef-9c92-a7f6ed72e60b,Travis Johansen,Head Coach,0a2ac5e2-3a44-4ced-ac1e-5089fcbacf92
915c66a0-27df-4306-bebc-e3f394f8a9e8,Cedric Thomas,Head Coach,0c59b9f5-6261-4aec-a491-d5a6a53f3e50
fbd59a0b-f706-4690-a322-58badbddb5bd,Jeff Choate,Head Coach,0c8fc8f1-0659-49dd-8668-436c3812089e
c0d0d370-ad64-11ee-be9f-f136c9b41b5a,Jason Bachtel,Head Coach,0cbc0bb6-596a-49da-a1cb-bfa42b5fcb56
c9ae7cdf-43a1-4996-bed4-d8c93c92b162,Rusty Wright,Head Coach,0d04c99b-4ff5-4cec-a172-e579a1f8f54a
aaba9250-bd72-11ef-989a-c9b4cf8b62d8,Kevin Lynch,Head Coach,0e06bfbe-01ef-414d-a6a7-53432f547586
5a64cdcf-6871-4506-a1e5-4634809394c9,Chris Creighton,Head Coach,0fdbf00d-49c6-4c31-abb1-b40cab08c40e
90449530-99b8-11ee-988a-0f20826a7b60,Billy Cosh,Head Coach,0fe698d9-b78e-4da5-bc92-c45d84671082
40cc74a0-8a16-11f0-bc2c-a9e69d0c834e,CJ Scarpa,Head Coach,11858510-3663-4a1c-ae7f-0eb91c4c5066
5add34e0-477b-11ee-801f-adfe18e525b5,Jake Nulph,Head Coach,125d1620-8b51-4d2e-9cc5-17370add86a2
97a263b0-91ee-11ee-8546-9d91efcc1b26,Tim Plough,Head Coach,15828630-7d0d-4ac5-8707-915879a90943
5c1a8421-6061-4372-b4e5-385c2d8b0dcf,Kalen DeBoer,Head Coach,19775492-f1eb-4bc5-9e15-078ebd689c0f
cbf48da6-c269-46a4-b628-a0a25173df6f,Jason Candle,Head Coach,1a11c84d-18be-40d0-a354-f188958e16b1
15028af5-3843-40c4-b97b-c9f39d5aa618,Mike Norvell,Head Coach,1c792ab1-d640-48f2-b796-6a81c7b14eaf
61a4acc1-d809-4612-b7d0-26396dfce460,Pat Fitzgerald,Head Coach,1cdf66a2-f157-4b4f-ad37-bd31e268f0ae
32202031-8f21-4fa0-ade5-0f52fe3505e5,Jason Aubry,Head Coach,1d1a6543-c77e-4f57-b215-cdaf0e45b0e2
da2c00db-55e7-48ac-8495-81bf47cb59f9,Scotty Walden,Head Coach,1e1e3a19-cb5a-48a6-b961-a5359d21812d
48fe3192-bb41-4c91-8820-6ba8d9b2b9da,Bruce Barnum,Head Coach,1e3f5ade-a73e-44d5-a042-0a32f291d6f4
7332ea10-2814-463f-b69a-c8a1510241b0,Jeff Brohm,Head Coach,1e8edb90-ea5e-4663-9a65-a30e51583711
019e4f8d-54c1-40cd-8a41-488f9eda1e73,Clay Helton,Head Coach,1ec48c6a-638f-4a79-a134-ec43bd506612
0d6fc58c-89eb-43a9-a499-8b3f8e2da125,Brad Smiley,Head Coach,1f2b538a-b87c-48e1-86e2-2396fdfc5bfc
3bf36720-0ae5-11ee-8815-ebcc51704a53,Kaleb Nobles,Head Coach,200364e8-417b-4df6-91d5-9535c0616f1c
accc8297-5f24-4258-9b71-8d326cd2d4e9,Henry Frazier,Head Coach,206ecad6-3883-4171-901e-f0b6578f036f
6e8c0ae0-c8ed-11ee-adeb-2d87b08863bd,Bill O'Brien,Head Coach,20827bfd-4930-4921-8273-1802423e2be7
db77c1d0-409b-11ec-98ef-11cac0fd9d04,Joey McGuire,Head Coach,22083fa4-8d9c-4ccc-8c33-cda772954099
ef97094b-4c1d-42f1-8a0f-fbb3fd38ce23,Curt Mallory,Head Coach,24215f91-06e7-4d28-addf-10e499c15db2
f6b0ab70-697b-11ec-be52-6d99c1c791db,Brent Venables,Head Coach,242f21d8-7372-4359-a04f-4d467ead22d6
1a455b40-982c-11ee-bacb-3389d3104414,Joe Davis,Head Coach,2516eb07-9a48-436c-b8ee-c14eae88a310
b5052321-b8df-4e07-9805-05c1725f9069,Chuck Martin,Head Coach,25a0e60a-2452-494b-8d9e-5177962cf569
cf600550-7094-11ec-9e72-abe421777d0f,Steve Englehart,Head Coach,25c0eb2d-d8a8-45e5-85ec-fcb99f6c655c
cf8ff5c0-9f37-11ee-a994-07953bc09239,Jason Woodman,Head Coach,28f2ce75-b0ca-4cd3-a313-379168b0da95
01f54e81-9d0b-4d03-a7e4-3c87e0a3ee82,Neal Brown,Head Coach,2a828de7-53d6-4a35-9f55-9aaa226956ed
a693bd72-f303-4307-8d89-5f02dedc9c90,Gabe Giardina,Head Coach,2c40eb6f-f0ac-4d48-b47c-449efb705e6a
fb138ec0-8138-11f0-bf02-7bb31952758a,Tyler Card,Head Coach,2c6f6630-3015-11f0-89fb-dbc14ef36751
d022e9a0-d8f9-11ef-95d2-75d00887621e,Terrell Buckley,Head Coach,2d2b2690-4c17-4acb-ae39-044b36f14758
7d0e809f-bb49-4578-ac5b-79d3854341a5,Bret Bielema,Head Coach,2d824a5f-e706-45b8-9d20-434ed5dd5c2f
67657800-55fe-11ec-84a1-5ddc47084e56,Michael Desormeaux,Head Coach,2dec939a-f303-43ac-964d-37e81f75e286
7fc2aa50-8613-11f0-92cb-8bfd65e42314,Frank Turner,Head Coach,2e13191e-eb51-4d25-a3c7-7dec1fbfd3c8
80d0eb70-8562-11f0-ae59-6d7d8b3605e6,Diaelleo Burks,Head Coach,2ed1462d-6670-4094-a86d-d723ae3b1886
9c34ca07-cd05-48dc-ba4e-45b9df6078eb,Kirby Smart,Head Coach,2eef738d-c637-4b12-b8df-4b79efcce71e
c302b85f-1d03-48f2-a31e-90c76da48f90,Mario Cristobal,Head Coach,2f475a40-df87-43a7-b8a9-c36a43edff21
e469a4d9-850d-4a2e-bc52-938646aa3013,Mark Ferrante,Head Coach,2f75b2cd-5c06-4c39-a191-251c9a47376b
b95981aa-5ec5-44bc-affc-e39f70f766c0,Frank Scelfo,Head Coach,2ffd2c8c-9100-46d1-8d33-6e154b0527fc
1c16ec20-c8ee-11ee-adeb-2d87b08863bd,Andrew Aurich,Head Coach,30919b0c-7316-414f-a393-7151252438cb
35ccf611-95e3-40b0-8de1-986a72aa5020,Tim Albin,Head Coach,30abfee7-57a7-4984-9a1c-55cb28970da3
2cc9b11f-ea0a-42ef-a0cd-67e7c261a87d,Scott Abell,Head Coach,31cc5b49-fbc5-4aca-9196-fbcce6bc6ad9
eae56a78-1315-4901-9f40-53b542c513d0,Spencer Danielson,Head Coach,35aa5295-ad07-4b95-aad2-63d1d5bf9009
9209793c-b2ac-473b-94ba-68878558dc61,Glenn Caruso,Head Coach,36680161-4534-4723-bc72-84066a84ffe9
f5363960-86cb-11f0-85cd-2b5cccab8da8,Terance Mathis,Head Coach,3797e777-4e75-413f-9866-f9f9ded35a8f
9951433c-0f70-469f-9f4c-01107806500e,Willie Fritz,Head Coach,38157fcd-b2d8-4ecf-ad50-272f8228bf34
e1250d88-4b3b-4d86-8d80-028b3ad8c166,Eddie George,Head Coach,397830a6-c9c2-4c76-bcbc-cb1cdba768f0
2b5f5393-d97f-4bf5-bc78-0abf51eb34d4,Bob Chesney,Head Coach,398eda2b-ba77-469f-94df-18fd1d9087d8
8cfd1710-afcc-11ee-be41-53180f9f267b,Jody Wright,Head Coach,3a4f3861-0fb8-42e0-93b5-8fd41fa82192
4e0ec310-83cd-11f0-b2dc-355ddb3743c0,Jason Rejfek,Head Coach,3c2c21d3-4a85-4460-bed7-2b49590e66a9
dfff3320-8e17-11ee-aa86-f1613108253e,Blaine McCorkle,Head Coach,3d32a14a-55e7-429a-9f6f-39aac5955191
13e17ba5-2ebb-4e1e-b288-6c504f025dff,Walt Wells,Head Coach,3d924b68-94e8-497d-bcbb-37eef4ff911f
a1ea7c20-87fd-11f0-88ef-6bc208fec4ad,Kevin Sherman,Head Coach,3eaae970-14c0-11f0-93ea-170fec45e650
d21759e0-31da-11ec-92e0-b3af84a2b8cb,Jake Dickert,Head Coach,3ed1a496-46af-4c0e-be37-c76ee352d702
f259b2a0-927f-11ed-acd0-9390b518de6c,Adam Lechtenberg,Head Coach,3ed71f8c-b9ac-4984-955b-4284b0430cd2
97b3b74a-ca65-4369-b05c-7b718408262c,Nick Hill,Head Coach,3ef463a9-30ac-42a6-ab8c-ce34fb66ca79
33f821d0-8ec0-11f0-84f5-b72bafab8450,Shane Richardson,Head Coach,3f2d922f-40aa-437e-8610-72f48d63d3d8
253bb420-df79-11ed-b59a-9b4bb419b434,Brandon Moore,Head Coach,3faf7dcc-91ed-4398-86ba-80122955315b
3b8b479e-bdf5-4f4f-9d4b-477fcead0e53,Aaron Best,Head Coach,414c082c-c3b2-467f-b37d-0f08804a0f60
84701482-f399-43e1-9451-607de1ac7fde,Scott Satterfield,Head Coach,42a9a18b-b59a-408b-8cab-4e49cbe2c23a
c4684d62-c99b-4e07-a74c-70fe265616a4,Jamey Chadwell,Head Coach,4318b2b7-0b61-4509-b776-001b08c09dcc
d99e8549-bc9c-4b94-a570-39f893463768,Chris Merritt,Head Coach,43838b74-5606-4a4c-b8bb-9e6072e45031
bb204a40-ae85-4c74-8226-d62df21efa0f,Chris Fisk,Head Coach,44164db9-62ff-4e9a-a7d0-1ba7cb719ea9
fc3df2d5-e67a-4906-8857-dd799795fbdb,Rick Santos,Head Coach,44c0deff-f542-4afe-a5c7-43df3bd51d5b
8055be70-5859-11ed-8cd1-83922cc46043,Shawn Watson,Head Coach,46188043-b51d-41f5-9e76-b72ee3263ccc
dc9bf44c-deec-40c7-b1c2-7af35fe143ea,Bobby Hauck,Head Coach,465236db-280e-49a6-9575-feb4ca20b9b4
12ed1650-c7f4-11ef-a476-b1951b0e3f4c,Dan Jackson,Head Coach,47e6bd48-6207-4316-9b89-f1cfef889746
eea727eb-6627-44c3-82d7-24ea1cd74314,Barry Odom,Head Coach,485dd62f-108c-4e32-b171-27f5d493552d
68267ef0-89b3-11f0-b60a-23c454f5fc0d,Kyle Jackson,Head Coach,49be60dd-4441-4c13-a714-b4e28c5e1cdc
6168bf80-56ca-11ec-b2fe-ff1865ad4d49,Russell DeMasi,Head Coach,4b3b68f4-aa9a-4029-9a43-ebd174f43a0e
5d902cb0-c3a3-11ef-8d10-033d98acf02a,Joe Woodley,Head Coach,4b7ab0a0-c1e3-4a58-b679-77353e70a5eb
55191402-f575-4d34-9583-5b307b376b25,Shap Boyd,Head Coach,4c292bfb-5e41-4821-9429-f33c74606fd0
c055810a-383b-4844-91af-0f17e56bf31c,Tom Matukewicz,Head Coach,4eb165ff-ebe8-4a9e-8a57-34ec90f112e4
d8cdf000-d183-11ee-90d1-e3c2e2d11772,Dell McGee,Head Coach,4f776283-3758-4325-b633-31a5be257a80
42bce61a-c639-4539-9041-e9fb6b59d3d8,Jim Fleming,Head Coach,50767f7e-8543-4b94-b2b7-486ea647b5c1
e402210f-c815-4408-bac4-8ff38f00ab84,Jerry Mack,Head Coach,515e9431-e87d-4d3e-8916-3ecaa0a05034
369f9a20-7a38-11ed-905f-8964f26a595b,Braxton Harris,Head Coach,52b8ad3d-67ba-45dc-ada8-a6a40844c56c
f6b626d3-572d-4a28-ad2a-1c9e640183a5,Ryan Silverfield,Head Coach,52dc23de-c6ba-4467-b964-a433658eded2
d934ab0c-a7de-49bf-a9f6-169171f211ce,Colby Carthel,Head Coach,52f28fe6-2823-4f26-80ce-605a04e624da
7d5f4daa-ba0a-4b6c-9f80-76de2539badf,Scott Frost,Head Coach,53aaad5a-b81b-490e-b04a-b650156cd1db
c7eb2a60-4158-11ef-981f-63196f9f6968,Kellen Nesbitt,Head Coach,54203e84-4fcb-4a0e-9934-a7ad58326b5d
01014726-a00a-44d7-b812-f746eae63653,Sean Lewis,Head Coach,54585fd0-90d0-46bd-a018-d033fb2ee767
dcee6760-9c12-11ee-8751-1b7580943bdc,Mike Gennetti,Head Coach,5490b68d-5834-47d8-bddc-d78005b917f1
f1f4b5ac-e166-4d34-9cc3-9f8979d9b275,Matt Entz,Head Coach,558f07ed-85b3-447d-bdd2-9cd98ca3a547
d7081b7e-3a99-433f-b725-f6d2c4a922af,Robert Prunty,Head Coach,55da9c15-db47-49d1-9a39-78ef11f2051b
d3d4cea9-6c92-4d86-9466-e156a421c665,Jerry Schmitt,Head Coach,5649d2fc-1e64-44ac-a0f2-9d96db4769e9
05fcef81-5c9b-4d31-b577-3ad0a63c6765,Sam Shade,Head Coach,56ba7533-3ea8-4ae9-a192-3ea51a7b0b90
bfa672a0-bd73-11ef-989a-c9b4cf8b62d8,Andy Waddle,Head Coach,59d0852a-b283-4829-af63-60553fbafdeb
b5661b0a-7581-483f-8b09-e092ab9a7f75,James Franklin,Head Coach,5a9498fc-bae2-49d2-af1d-e13d07f4e68f
eb3ccbf0-a16e-11f0-b127-c71f59f68b2b,Chad Walker,Head Coach,5adcf237-519d-485c-aea6-81af204cb99b
398abb00-673a-11ec-9f93-c7f396888ba0,Mike Uremovich,Head Coach,5b0018d4-52d0-4b53-b90c-2c597298a4bb
651ec78b-78f8-4079-a791-8808805e234a,Todd Stepsis,Head Coach,5b790142-1e09-40cd-b06a-4c2e85893698
ca91e070-35c5-11ec-af4b-4d64bc74e808,Sonny Cumbie,Head Coach,5bf6e8b8-2a02-4906-8253-08f967dd3c2c
66e65bd0-5a02-11ec-bae6-c57ad28ff294,Dan Lanning,Head Coach,5c218a3b-a013-4037-97b6-603c9502b701
03977453-aa9e-4b0e-893d-405ab704a0b5,Mike Schmidt,Head Coach,5c6f90b9-651c-4f9d-b118-9bee6b77ca80
ccefe090-61aa-11ec-a497-61dc823ae71f,Jordan Stevens,Head Coach,5ce8eec9-67a2-4993-8897-6faaa4d28f94
59da70e0-7c96-11ed-ac33-a52f978031bc,Clint Killough,Head Coach,5cecc23b-cb18-49f2-85ef-3717063e9dca
6c8d8d97-10da-4e01-bba5-332de08eb385,Dan Mullen,Head Coach,5f105ef1-4d01-45a5-bfbb-497ee86a8eba
61a216fa-398d-493b-acf2-0ca4c1f30afb,Pete Lembo,Head Coach,5fb529f6-f6b3-4892-a188-9b38addcc9a3
1b59c6c0-3da5-11ed-93fd-4d770508132c,Brent Key,Head Coach,5ff038e1-6e3b-4cbe-90b8-751f783cd7a9
eff32ab0-4f0e-11ec-b838-31f0fd1a81c7,Rhett Lashlee,Head Coach,619c5384-3660-44ac-b2ad-597ccb3854c7
1960be79-1c5f-45ac-ad9e-7d84c469b2e2,Kalani Sitake,Head Coach,627b2e5c-3ba5-496e-9f9b-1c620247c1b7
5c652ab0-f3ef-11ec-a1c3-b9a6acd6f3a2,Bryant Vincent,Head Coach,6370f943-c638-43f3-8c6b-740e6c4a8999
141fac80-e10c-11ec-b8a1-9f86aa9803c1,Eli Gardner,Head Coach,642dacba-ddf7-4a1f-bcc8-72b0e6f74dc4
14990b00-7ee8-11ed-a81a-3fb741454216,Ryan Beard,Head Coach,6489c587-507f-46a1-a3eb-ee9c2eee23f0
36084cd8-665d-482d-b2a4-7a40ebe91b79,Dan Curran,Head Coach,650f0a5a-9ef7-4098-ac9d-42b3645646c4
4f62957c-57f9-43a9-89af-c685bd894865,Will Hall,Head Coach,6551124f-312e-49c8-87c4-d1cba14133c7
460f9170-5db2-11ec-924f-93c59014b99b,DeLane Fitzgerald,Head Coach,65736666-38a3-4737-9bea-785641533719
6d1333c0-8d27-11ee-aa28-855eb30466c3,Jeff Lebby,Head Coach,6653b9f3-44c6-4b23-8d15-d32aebdee1f9
941f25fb-2e29-4d42-b753-781fb6afe364,Felton Huggins Jr.,Head Coach,67f319bb-fdae-4d0c-81ca-544c08c86f94
56445fb0-b604-11ee-a4ff-07fd0755a39b,Mike Jacobs,Head Coach,692e1f0e-3c3a-4223-b2cf-7bbc58cf4977
757b3850-7969-11ed-ad0d-7df60fe0fb55,Cody Hawkins,Head Coach,6b77703c-545d-4c17-a4bb-1fd0bf715257
cc4784c0-9e77-11ee-a620-45eb5608e543,Mike Willis,Head Coach,6c04ed00-92e9-40ae-8a83-c4733e81f2b3
626597d1-03ce-4fb2-867c-723c13a29159,Jason Killday,Head Coach,6d5ccf66-48ec-4bb7-98c3-99f50207a221
3715a05e-4a02-43e6-b1bb-ca2b220fe956,Joe Fincham,Head Coach,6e98e07c-0a7c-43f5-aeac-580f0bfe110e
73b8c7d0-1b3d-11f0-81cf-1d89094f08cf,Mark Carney,Head Coach,6f81c322-8398-4f16-83ee-d10cd85e2184
ca1d3610-a32a-11ee-970c-679a8940132c,Fran Brown,Head Coach,6fad29be-d988-4014-9640-ad26a14d3bd1
b7f6dc16-096e-4295-876e-be714071e165,P.J. Fleck,Head Coach,709c25ab-2674-4d9f-9571-69c5ee9363b6
6ca44e3c-3371-40bd-bc1d-ddc2ab7a36ec,Zac Bruney,Head Coach,7106ebd0-dbf7-4202-a06d-915e8073e317
dedcb81b-543f-4f43-9232-ac7205825b07,Gerad Parker,Head Coach,71c1879b-9dfb-43a2-8476-c9cd283c0827
54dbd7c7-c776-48d0-ba98-404ecb5068c0,Darrin Chiaverini,Head Coach,72566033-9632-432f-b63a-3942e54bd7c5
8a6d082f-d376-41a7-a49d-371d45a74ccb,Rich Rodriguez,Head Coach,7268f3da-94eb-43c0-86c0-a37f854d5c9d
8fb592ec-9d43-45cf-88bb-e09a16f9e5bd,Jedd Fisch,Head Coach,7293edba-9810-444b-9df1-709c24d1c522
baa66701-e103-4b57-9a7f-11779488928a,Eliah Drinkwitz,Head Coach,772536c7-c3e8-40d1-ac6e-232d719dc052
308a65d0-86be-11f0-92bd-69fe7d2767c7,Aaron James,Head Coach,776b1d36-eb57-437c-8827-1344b03c7593
cba339b0-bd75-11ef-bf7e-afe62791909d,Tony Gibson,Head Coach,77ffe1ca-a84c-4779-9293-345dcfb2c4ce
aa49aee0-b81e-11ef-b61f-f70229a59259,Bill Belichick,Head Coach,79368b86-8bb0-4c66-8189-b836d039c207
4cc1e7b8-f1db-4b1b-96c9-e5567009f681,Blake Anderson,Interim Head Coach,7a04d7e0-90cb-4497-8622-c53e284c2c19
41c0d464-a322-43fd-ba60-9db0af66178e,Shane Beamer,Head Coach,7b1dbcdb-34b2-479e-9b6b-4c7221e7f743
df545db0-9529-11ee-9edb-116b91cbf984,Chennis Berry,Head Coach,7b5a4b0e-d443-469e-8639-a27f8a3b5d55
2e9fc7e8-14e8-45f3-804e-b21216ae4564,Charles Huff,Head Coach,7c3a4847-5a1d-422f-b15b-dcc5f8cc5e24
bd63d6ff-7450-475d-9244-593cab44145f,Tyrone Wheatley,Head Coach,7d4be479-e23d-451e-9533-b01fa875a782
144c0640-86b3-11f0-83cc-a5b24d9eca92,Stanley Conner,Head Coach,7d99220b-0148-457e-a802-5b395f54462d
197fc097-a342-4257-a6a1-d40005c6bbca,Luke Fickell,Head Coach,7dbca160-b9d8-4da4-8176-2445cb4b34d2
64909034-539a-4b74-bfa1-c6fcc7ac81ed,Joe Harasymiak,Head Coach,7f6bddcc-db68-4bcc-9450-43274e5556ab
86090a1c-3429-424c-b35d-f487cd011a29,Peter Rossomando,Head Coach,8109f68e-0caa-4dab-92fe-eb862c6e39c5
2c06dc95-682a-4fe9-abb7-88dafa1f77a4,Clark Lea,Head Coach,8177772e-e8b5-44c6-8dc2-a745b863ec3b
ca89a19d-dffd-4a9e-91ff-7b937ec4ffd2,Tre Lamb,Head Coach,83bca544-81f2-46cd-8f83-3fe8dbd73a33
878fcdb0-bd70-11ef-ab37-db249c17f444,Phil Longo,Head Coach,844c8d83-ee90-46a1-a943-2b5db4c5cb21
129847b0-c3a3-11ef-8d10-033d98acf02a,Curt Fitzpatrick,Head Coach,84a2e6d9-1c1b-47f0-ba71-10dc03f05a0f
50d225f0-59f2-11ec-9ea6-59292fad88b9,Tony Elliott,Head Coach,858b3a2b-f9c3-4497-a707-733cc1ea7516
906b143a-ba6d-42b8-84fa-09da9c174039,Doug Phillips,Head Coach,868731af-6062-409f-841d-73e6f8ec3b99
f73e958d-f288-469d-a36f-cd9c0315a796,Bobby Wilder,Head Coach,86fd55fa-3c1e-4dbe-beee-1853dbc88900
20d46fc0-482f-11ee-914c-d36927415ced,Jeff Farrington,Head Coach,87fcaa51-93ab-44a6-8236-23d73fb73226
361dca69-aa06-4ff7-b2d9-d0b83eed8e90,Tony Trisciani,Head Coach,882d5415-fa65-40a0-9cdf-afe51ca30ce0
701995f0-df77-11ec-b6c6-1d99ece0f5d4,Damon Wilson,Head Coach,8a7fc6b5-bd34-4b66-8e08-8e6562b9248d
f9108958-75bd-4e5a-bafa-c78f636633b9,Dave Aranda,Head Coach,8b8225f5-eb09-48ea-9120-cef081918b7a
e66327b0-7fa6-11ed-aa52-45931dc0c8a1,Kevin Cahill,Head Coach,8bea15d4-278d-4578-a7b4-dcf3af54c334
8e184426-3826-44fb-a6fc-c2b538fcecd3,Kerwin Bell,Head Coach,8c01427f-021a-449f-8fc8-e8c6ed01f340
8c019260-23da-11ee-933d-eda748758be7,David Braun,Head Coach,8c345b64-d751-44aa-852f-8c30db72ffdc
7f592050-d548-46dc-a42f-b6d5f3705e3d,Clay Hendrix,Head Coach,8cf5c880-678f-400e-b4c2-04ae676ed538
99693270-8de9-11f0-8edb-95e4d5cbd742,Roger Waialae,Head Coach,8ddf8cd0-faec-43e4-b194-2ebc0eb6dfa0
69f0b461-9c39-4036-b773-cbdc9c1136cb,Willie Simmons,Head Coach,8e99908e-4ff2-4465-8e1b-156dcf7aa69d
fe510c51-d2e8-456c-afb8-848892ca215a,Lincoln Riley,Head Coach,8f496f34-14e3-4ca7-958b-53f6da0b74d6
8e5dc340-92a6-11ee-96c0-5f80c3fdcae0,Brian Wright,Head Coach,9019d9cc-d8e7-4241-99f3-9a335b2aabbc
16cd6567-7af3-48cc-b768-46d526f447ec,Jason Simpson,Head Coach,90d576f6-50f9-42bc-aa31-92bfd0597cb1
b5d63e30-7663-11ed-97cb-b930d600fb92,Brent Dearmon,Head Coach,917a7888-4be2-4ad5-912d-32f79af931c4
b4703a20-976c-11ee-ac10-c7ad0e5bff67,Lance Anderson,Head Coach,91d73565-e7a5-492d-9b2d-0201fb2be141
c48a10c0-edcb-11ed-89f9-f93b833b2ac4,Sammy McCorkle,Head Coach,930bc744-6ac6-4164-8bf2-c4b46ccaad21
56d50d77-fc98-40c0-bdf1-4df21efdec42,Dabo Swinney,Head Coach,95404613-f4f0-4280-ac27-85419215f8d1
35405020-7f94-11f0-bae0-f32e343553cf,Lee Hays,Head Coach,95d70b20-14c0-11f0-93ea-170fec45e650
d4e2caf0-892a-11f0-a16c-3f9b885d4516,Chris Goode,Head Coach,96c9ed4c-75c8-4141-9a46-e38855b13087
5ab4b900-7bf5-11ec-8db5-a5ee08e92e8f,Timmy Chang,Head Coach,97673f68-cb54-4025-abe6-c8ea0e2ec7d9
df4f22d0-bedd-11ef-9177-a94259b729d4,Thomas Ford Jr.,Head Coach,987bccc6-f5c6-45a2-b0a5-a25702e5c3d5
f4956776-1ae2-48fe-859f-1e379f057f32,Matt Rhule,Head Coach,98833e65-ab72-482d-b3c0-13f8656629c0
0c770aac-5e44-4e13-8060-2d0f0c037690,John Grass,Head Coach,98f25c6f-f79c-447b-8131-700f826d388a
45b04e2b-56e6-4866-8bf8-dc0f1d68a89d,Derek Mason,Head Coach,99562f49-a84d-4f6f-9ad4-949773430431
5b2e29a0-91ee-11ee-8546-9d91efcc1b26,Jon Poppe,Head Coach,99c8011a-35c8-49d9-8ae7-36386b8a4e23
b77904d0-8b05-4c45-8166-75d23183cdff,Ryan Day,Head Coach,9a6d6f3f-021e-4ddd-8fac-ac4766239d87
963d91b0-bd77-11ef-bf7e-afe62791909d,Eric Schmidt,Head Coach,9cdcab2b-d599-44dd-9939-c4e6d59587cb
3f12bc10-61b5-11ec-b2e6-05806fffd25e,GJ Kinne,Head Coach,9e028d90-7fe0-4a3f-8a6c-c5b5115e12fc
10ecdb40-1394-49e5-99ab-fb68358e19bc,Brent Brennan,Head Coach,9e33183c-7e35-4738-9051-719dd7b32e9c
4b925cd5-fe3a-46fd-823b-afc8e6c96c6a,Josh Heupel,Head Coach,9ecb9f6b-df4a-4a92-aaa4-5d50a5286bdd
1351a76d-be25-4125-b28c-0f32772dc0c0,Troy Calhoun,Head Coach,9f40a53c-d4bc-4d58-8208-2227634f9454
6bc96b5f-e5bd-456e-b006-02583e3db505,Tony Reno,Head Coach,9f7a0ea2-afe0-4eae-b5de-3c31910c600a
c62a7977-1424-4742-b581-c14b5b3d312e,Sonny Dykes,Head Coach,a09e634d-39a8-4aa8-81a4-7337580a31f4
febec721-0a0f-4da4-a949-362af0dbaddd,Deion Sanders,Head Coach,a18d7cf8-1263-45f2-a938-04032d2f7cf5
09e628f4-9f90-482e-a51e-b4c92e63efc4,Kirk Ferentz,Head Coach,a2ee495d-37c7-45ac-ac3d-d3a492a219c1
b2943006-19ea-4a8b-963e-33e8568f687c,Alvin Parker,Head Coach,a3b7b788-707a-48b7-96f3-96a156e8b1fe
ae0172d0-7599-11ed-860d-3be1335125ce,Ed Lamb,Head Coach,a3d9d315-cbf9-44bd-bfcc-b91e756ac5f2
e0c1c190-87ff-11f0-88ef-6bc208fec4ad,Joe Adam,Head Coach,a5348624-82b2-41e6-b748-492821883610
bae15129-c5f7-4e17-81d8-6e230d9de9f5,Pat Narduzzi,Head Coach,a5ef8db1-5d26-4d7e-af22-b21e380c16d2
9d330467-0ee0-4e71-af2c-5051f4cc1cd7,Greg Schiano,Head Coach,a60012f8-dc22-4c7d-9d1b-c00cdc3e9c97
b4fc3f00-a7ea-11ee-92f5-bf33e3fdf93b,Jay Sawvel,Head Coach,a62b2dda-d22c-47bf-ad2c-60c66e64d8c7
31f1fd5c-e538-4bc8-9bbd-443285773352,Tom Masella,Head Coach,a676268a-159e-4625-bb5d-b3929c1f67f6
f5b7f0e0-a32a-11ed-9e3a-b79bd6510c61,Raymond Woodie,Head Coach,a7077ca3-a4e4-427d-9c8a-c16b9dcb3472
a75d9c10-d7c8-4893-b3a8-4cc7212ed596,Joe Moorhead,Head Coach,a90583d2-3576-4abc-906e-974e84a4b2f0
168889b0-7a2c-11ed-a76e-956348e3fa6e,Trevor Andrews,Head Coach,a92d587c-2564-4935-a9e4-d26d6437c171
44fd5e60-5831-11ec-87ff-3b2f72fb07ea,Ryan Carty,Head Coach,a9ea6143-d1c9-414d-81ff-7c57a10baf1f
755f7590-83cd-11f0-b2dc-355ddb3743c0,Richard Wilson,Head Coach,aae73600-d8ab-11ed-8008-21e6e877c549
7a9241b9-13b3-431c-b5fd-cea2c4a3081e,Steve Sarkisian,Head Coach,ae68bc50-4135-47b5-b2f1-03d0669e54c8
55d637f0-8129-11f0-b5da-91c02282cc5e,Cedric Pearl,Head Coach,afd132f0-14be-11f0-9f36-d9ba58a137df
39567950-db15-11f0-9a91-dd8d02ccda94,Marshall Faulk,Head Coach,b01ba890-a0d2-4b04-a607-a2fc2f5fce86
90f56cfb-6096-431b-93f5-b3dcb894010b,James Perry,Head Coach,b0708df4-2923-4756-8504-6a3bba7d70a6
bda78b05-4dc5-41ca-8db3-233ac95c36f9,Nathan Brown,Head Coach,b1a9ddff-373c-43f1-a562-8c7a235d54ab
94f5fd30-797f-11ed-8321-11767535da4e,Brian Newberry,Head Coach,b1ff8076-e373-4b6a-ab0f-7f8f86bf0370
5301e851-98c7-44a2-99f6-2fbe40c737e9,Butch Jones,Head Coach,b33187c4-a906-4cff-b15b-f1bcb410a743
758928f0-5335-11ef-86e7-b3faacb88b52,Matt Theobald,Head Coach,b3364bc0-f76d-11ee-a573-b937b2b50f42
502ef390-b5bf-11ef-9548-bdf15ca23feb,Shawn Gibbs,Head Coach,b38454be-5f7b-4da0-915e-f5ec909e6fa0
8aad16b7-7f88-480c-a833-00697a2a84fd,Ron Cooper,Head Coach,b3eaa1b0-3e95-417d-80e8-77d3b93f23ac
b0be6e28-352b-4f34-a73b-ea1ec581e1fc,Billy Napier,Head Coach,b59ad9ae-b8ec-4f8e-9bd2-ec5b4af41e57
47e3937b-4deb-48e1-81be-42316489792a,Major Applewhite,Head Coach,b6fa0a24-da86-4c1d-aed7-7aad175cd249
093855e6-a27c-4e5f-992c-fe704ec9e4f7,Jeff Traylor,Head Coach,b845a41f-2606-478f-a458-3fee79588ad8
23a1fa62-c0a8-47e2-bd8d-f80cd383d0e4,Gary Bass,Head Coach,b8828f0f-d7bb-4e7e-a278-854f509838e1
4f9ef079-4dde-44a7-8c3d-d5097fd85cb2,Rob Sgarlata,Head Coach,bafc0723-5b94-41da-9212-ac368281659c
5886c319-985e-4bc7-8da3-e6bff65e45a8,Reggie Barlow,Head Coach,bd9c2213-ffd1-4009-aa75-37f5bdfc4f03
6b79dfb0-7e2e-11f0-af5e-619dbbfcca08,Brad Sherrod,Head Coach,c0e09611-893e-426c-ae6e-873a65f33b69
2b7699ae-458f-4d9f-8e55-852ffc636a17,K.C. Keeler,Head Coach,c14ef8dc-4d15-401f-a47a-74f15f372b04
e0fdf4c0-8521-11f0-a6e6-1d104186f045,Adrian Jones,Head Coach,c31df8a8-d67c-40b2-bc27-7cbf7210cae2
ee07c200-7ebc-11ec-a343-77bd51ebd4d9,Chris Wilkerson,Head Coach,c33dd300-2cc3-4a53-ab01-be4d65c74e1e
4937844f-30f5-40b4-a037-6980bc56124c,Bernard Clark Jr.,Head Coach,c3938316-631f-41fb-8f89-2c566118228e
9b91bd50-798e-11ed-9ee4-7558b0d7dc29,Pete Shinnick,Head Coach,c4d1b382-e6a4-4fce-aae8-d0a6ec133e8c
6a332dde-d7ff-41e1-81c5-ddca1cf892ec,Mark Nofri,Head Coach,c4f1932a-16ec-45b7-a321-38acef929d03
bdcbe660-56c7-11ec-8fae-0d56a9da128d,Keith Patterson,Head Coach,c556a8d0-3c67-4a02-a3ba-2e74398ba3f2
00783270-764d-11ed-a3f6-29a0826a0c05,Clint Dolezel,Head Coach,c5dea9dd-3129-40e9-ba3d-363f9411a30e
dab5bf5f-ca7b-4246-a65b-1f18b29ae8ec,Ricky Rahne,Head Coach,c7384d59-3901-4342-8dbc-31801d925d11
1b818ba0-56ca-11ec-b2fe-ff1865ad4d49,Jon Sumrall,Head Coach,c765cbff-99d8-4c43-8f6b-e49577ca18fa
1586d8f0-847e-11f0-a497-dbf0ef52ea1b,Eric Potochney,Head Coach,c8a2e426-e152-4c79-8f7c-33372a42e1a7
8d3d6df0-b1f2-11ef-b420-bb6d8e3873c5,Zach Kittley,Head Coach,c951e9e7-f0b8-4da6-9913-b35572316314
86521630-bd73-11ef-989a-c9b4cf8b62d8,Saj Thakkar,Head Coach,cb71f759-0c22-4be7-babe-3cb849fd1b5e
e46253e0-95d4-11f0-927b-09688e089aeb,Dewey Lusk,Head Coach,cbf74a20-45d7-416e-ac9a-cb4965564005
32dab7c0-eb80-11ee-b709-139c2a50e8c3,Joel Taylor,Head Coach,cc1b918c-1523-4412-8b1e-2219d88f11b8
f3a4d990-a7bd-11f0-a219-393fc1dc1e74,Alex Mortensen,Head Coach,cd66228e-16d4-4753-8af9-d40f0bdc24d6
72d84500-85bb-11f0-95b1-f3cbe17c5941,Quinton Morgan,Head Coach,cf24d789-c074-4cae-b939-958e764e7e0f
9ae11f03-0591-4a5d-8873-3ae3d98483d4,Lance Leipold,Head Coach,d0212bdb-5dd4-4604-a221-9adf26e6fd4a
ebc81150-e10b-11ec-b8a1-9f86aa9803c1,Jed Stugart,Head Coach,d123c57b-846b-431a-a211-0decf17f0e62
9ccad65e-7547-4a30-8f4e-7e8fd04a053c,Jeff Monken,Head Coach,d23058c1-7aaa-44cd-995b-b4be7078df22
b3237320-9a66-11ed-a75f-e57d5076b809,Jimmy Rogers,Head Coach,d335c726-44aa-4b69-8271-59d42d691cba
2a9dfd40-6490-11ef-b8f9-bd4a809359f2,Ryan Riemedio,Head Coach,d34ce724-84bd-40b0-974e-d455f9d96f3a
13420ab1-893f-4948-9b51-820b8be5fe8f,Kyle Whittingham,Head Coach,d3e8c416-e643-4d5e-be9e-c598a150b234
18d32af6-18e6-468b-b181-6c18917553a7,Chris Villarrial,Head Coach,d4e8867e-8465-451e-b196-5e152769f023
42c7f7e0-5a8e-11ec-94c4-913b0a0e0ad8,Mike Elko,Head Coach,d5199a36-7f26-4c3b-be48-9599039e232c
1e7a4810-a118-4ce0-9ea2-37116e42a5c1,Will Healy,Head Coach,d5a80ec8-0cdb-401e-a68b-a646d30b3554
2f71ba50-c3a4-11ef-8d10-033d98acf02a,Tremaine Jackson,Head Coach,d70a06f4-b708-447b-b05a-f518695cda42
2910d440-7aed-11ed-8893-fddd041a7982,T.C. Taylor,Head Coach,d7a03859-f629-4b91-af0a-3bd86a6a3e7f
3d0ae740-5395-11ec-90bf-ad6579264af3,Marcus Freeman,Head Coach,d7f19bff-74e7-4b71-a221-12dfeb144fd8
245bb2c0-56c8-11ec-8fae-0d56a9da128d,Eddie Robinson Jr.,Head Coach,d8c41c53-e302-4425-b95d-532bdbf868a2
45101250-bd71-11ef-ab37-db249c17f444,Dowell Loggains,Head Coach,da992ee8-f2dd-4196-a74a-c1ca4cd2d559
7df668d0-81c0-11f0-bb93-e9ced38270b7,Dan Chipka,Head Coach,dbeac1b1-17ab-475e-a485-c66573a55954
2c7ff000-841f-11f0-a9b7-f37dd7d926ac,Ben McLaughlin,Head Coach,dbfc255d-ee7c-4b1a-9b42-dd822f7ec901
12a6eb10-8eb1-11f0-99d3-957ab5a5eaab,Quinn Gray Sr.,Head Coach,dc99beff-fa60-40a8-8b8a-316f7cea3e93
d388dd75-d30d-4ceb-9f4e-0dcf04ce1f81,Arne Ferguson,Head Coach,dd35a796-5290-4866-a4d2-4abc6849ba6d
d4571db0-0aed-11ee-8114-1bd83b609e49,Andrew Rode,Head Coach,ddb9ab12-01d2-4d1c-b40d-39790c1837c7
623235b0-bccd-11ef-a9f0-1b02e383b65f,Michael Vick,Head Coach,dde53ce9-ee62-44e6-98c5-060a9a97bd10
0ce8d56a-5244-4b55-b20b-42f283f76e48,Manny Diaz,Head Coach,deb0920f-c4ca-414d-be4b-ca779e353bf0
278c2ab0-bd77-11ef-bf7e-afe62791909d,Tommy Rybacki,Head Coach,deea4446-2bee-4144-96bc-9f1e8ccceee8
70dd6156-c8db-42d3-a930-e80a308ddb2e,Brock Spack,Head Coach,e0f7a166-aa14-4979-9d7d-44f36c1e13a6
633992b0-7ea0-11f0-8b28-f9d5e9f9899d,Tim Mathis,Head Coach,e19e9d6b-2339-499f-a370-68142810c920
37a7a850-c017-11ef-be0a-ef1f56efdfd6,Charles Kelly,Head Coach,e2492d05-9414-41fb-b7ef-99b27cf358e6
4629c5c0-9773-11ee-991b-b78b8b858e48,Jeff Faris,Head Coach,e2a2c23d-3d8d-4f9e-9bed-8a432071f1a7
f97a0f72-dad3-4d54-b9f1-1f22996c615e,Mike Locksley,Head Coach,e2a7ee48-c096-4aac-a7a2-4f1f35baa835
d4ed6f11-e176-4566-99e6-4766b84d5759,Eric Morris,Head Coach,e346442f-9228-4e94-8e9a-376c5ef7e796
bca8f050-9529-11ee-9edb-116b91cbf984,Dan Swanstrom,Head Coach,e3ad753c-88b0-4ae9-b6c0-2f726e2ecc24
2a9c7dc0-9600-11ef-bb1e-5bfabcdb5278,Blake Harrell,Head Coach,e3b9e7df-4b69-4d27-9948-59491c29be86
64880d50-ced1-11f0-8b42-dd600943b6bc,Pete Golding,Head Coach,e3df6700-2881-4b02-a170-f397bb5718a9
879fc970-7413-11ed-90d2-c7282d70d3d9,Alex Golesh,Head Coach,e5bbd1bd-0d65-4581-8d9c-58b33fd5ce62
53bf37e2-ad94-4642-831e-80337dbc0df4,Tyson Helton,Head Coach,e65ef52d-6a34-426e-816e-040258d2f33b
b7bf8866-7c69-4445-a5f0-cc39a3b7b09c,Bronco Mendenhall,Head Coach,e7268e7f-a453-4f46-b005-689d1d4966d4
859c5620-5db2-11ec-924f-93c59014b99b,John Troxell,Head Coach,e7805203-b88d-42f2-8d9b-dd66b1b8ae3d
1daa6908-1105-45a0-acca-51b9dc0f428a,Tyler Haines,Head Coach,e82960cb-8abc-4bee-9624-298bbb623941
46f4bace-ffc9-4cb3-874c-b95d73f8a72b,Jerry Olszewski,Head Coach,e95bb7e5-4d32-4506-9aaf-7b7a3b47bb73
fa974f60-3e88-11f0-9f32-0de397e47bb0,Travis Bush,Head Coach,e9c96540-09a1-11f0-9dc6-ad27af2cf889
f9f6da86-d882-413c-8fc4-c105d5b959bd,Jim Glogowski,Head Coach,ead657b1-f990-4b89-9402-761235cf3a20
d1daf4a0-95cc-11f0-ab10-b18905c8c193,Tony Carter,Head Coach,ece6b3f2-ffaf-4700-9b59-206f9791311e
5e025351-5742-4c5a-b9dd-e57aa15d3e7f,Todd Whitten,Head Coach,ed05b9d3-0086-49bb-9ea5-329ab0d0729b
25b4bdd0-7704-11ed-b0d0-010cf8df0a1d,Lance Taylor,Head Coach,ed169b71-75b4-40dd-ae28-8e17519c06ba
9bb58c93-9dbd-4482-ac71-27a899d63044,Ken Niumatalolo,Head Coach,edc91db3-9a77-4af6-aa9b-b8a67930ba51
cc484ac0-a7be-11f0-94ea-f1782eb35178,Terry Smith,Interim Head Coach,eeb3ce19-6ddd-4c91-afab-811c6cc81974
f6a2354d-6ffc-425e-bab4-efa1b19e20d0,Matt Viator,Head Coach,efc41557-a738-43fa-9519-8fd0734923f9
47f7be80-7bbc-11ed-bb52-8f4206406208,Maurice Drayton,Head Coach,f049d124-7d8f-4259-b257-ad154c4d5964
bea0afd0-844f-11f0-89b0-cf12be9f04ac,Chris Norwell,Head Coach,f2874e00-e446-11ec-997e-b9b31b9613e9
240e8e5b-d967-41b4-99e9-ee2dd68d7dd3,Joe Conlin,Head Coach,f4593f19-1082-4238-b519-09faadbeca37
bd4ed450-7ed1-11f0-9cb9-75768aba9546,Jay Long,Head Coach,f4a0ba75-0d10-4ef9-95ac-66eaa44e0851
6a934940-8d21-11f0-9531-4b8442a695d5,Ryan Brady,Head Coach,f4c3d977-2524-496c-be24-e7710916c92d
cb930840-31f6-11ed-8278-b10a1f49d9e8,Mickey Joseph,Head Coach,f5682334-edd4-42ef-a4fb-5a1474875b9b
12fc3a80-8870-11f0-ad7d-091e984301a4,Brian Jenkins Sr.,Interim Head Coach,f569e80e-ddce-4de6-a5cd-427f3e1454d0
92672703-eb7d-4c09-9220-99ecb1217753,Tony Sanchez,Head Coach,f6f4a672-6368-45aa-98d0-3756da844114
893254bb-5f68-4f17-a96d-9094d72520b9,Trei Oliver,Head Coach,f8e7c5f8-5865-4e7c-b221-c88a464f8f28
7de24d40-b2e2-11ee-998f-99c140483d25,Cris Dishman,Head Coach,f9ae197b-be07-4c7b-9149-2e134cf4b677
a7096ab3-c432-4d92-b876-193b8f869b9e,Curt Cignetti,Head Coach,fa0eb091-8e35-49c7-b00f-269794a99a61
10b88450-0af4-11ee-82d1-ed0cb3b3b5c4,Robert Clardy,Head Coach,fa355cca-bfb2-4282-9656-3e1869d26eef
123a2c61-2430-49cd-9fc0-914e7914ada4,Bob Surace,Head Coach,fbd30b5d-6d84-49f7-abf1-c2c73f9e2458
da645450-cdf3-11ef-82a5-5d30b7a3fec8,DeSean Jackson,Head Coach,fce005d9-c29b-4f9c-836b-92a25e765f28
1decf09c-922b-4ccd-ad54-c3409c14776c,Brent Vigen,Head Coach,fefae711-b307-4fd4-b0d2-c9df51f5ae1c
0e1a79c0-756b-11ed-9506-83d6b1836fe4,Paul Wulff,Head Coach,ff330f91-bacc-4c43-b14e-604c58115ebd
2faeb740-87db-4651-af89-e921236c8e45,Lane Kiffin,Head Coach,ffca4209-dbfa-4597-b25a-ed19bb351037
